"stateID","state","localityID","locality","Indicator","Type","Estimate","X95..LCL","X95..UCL","sd"
4,"Al-Gazeera",23,"Ganub Elgazira","Education : Access to preschool education - ALL children","Proportion",0.8598,0.7511,0.9429,0.0469
4,"Al-Gazeera",23,"Ganub Elgazira","Education : Access to basic education - ALL children","Proportion",0.9335,0.8682,0.9749,0.0275
4,"Al-Gazeera",23,"Ganub Elgazira","Education : Access to education (preschool or basic) - ALL children","Proportion",0.9142,0.8594,0.9666,0.0281
4,"Al-Gazeera",23,"Ganub Elgazira","Education : Access to preschool education - MALES","Proportion",0.8702,0.7716,0.9559,0.0551
4,"Al-Gazeera",23,"Ganub Elgazira","Education : Access to basic education - MALES","Proportion",0.9506,0.8849,0.992,0.0281
4,"Al-Gazeera",23,"Ganub Elgazira","Education : Access to education (preschool or basic) - MALES","Proportion",0.9217,0.8499,0.9714,0.0283
4,"Al-Gazeera",23,"Ganub Elgazira","Education : Access to preschool education - FEMALES","Proportion",0.8621,0.7307,0.9673,0.0674
4,"Al-Gazeera",23,"Ganub Elgazira","Education : Access to basic education - FEMALES","Proportion",0.9176,0.8427,0.9749,0.0389
4,"Al-Gazeera",23,"Ganub Elgazira","Education : Access to education (preschool or basic) - FEMALES","Proportion",0.904,0.8222,0.9692,0.0362
4,"Al-Gazeera",24,"El Hassahisa","Education : Access to preschool education - ALL children","Proportion",0.7951,0.7135,0.8765,0.0404
4,"Al-Gazeera",24,"El Hassahisa","Education : Access to basic education - ALL children","Proportion",0.9656,0.9377,0.9843,0.0112
4,"Al-Gazeera",24,"El Hassahisa","Education : Access to education (preschool or basic) - ALL children","Proportion",0.9252,0.8893,0.9534,0.0149
4,"Al-Gazeera",24,"El Hassahisa","Education : Access to preschool education - MALES","Proportion",0.7653,0.6417,0.8702,0.0588
4,"Al-Gazeera",24,"El Hassahisa","Education : Access to basic education - MALES","Proportion",0.9596,0.9176,0.9882,0.0195
4,"Al-Gazeera",24,"El Hassahisa","Education : Access to education (preschool or basic) - MALES","Proportion",0.9127,0.8737,0.9476,0.0203
4,"Al-Gazeera",24,"El Hassahisa","Education : Access to preschool education - FEMALES","Proportion",0.8346,0.696,0.9323,0.0638
4,"Al-Gazeera",24,"El Hassahisa","Education : Access to basic education - FEMALES","Proportion",0.9723,0.9425,0.9909,0.0124
4,"Al-Gazeera",24,"El Hassahisa","Education : Access to education (preschool or basic) - FEMALES","Proportion",0.9344,0.8949,0.9662,0.0182
4,"Al-Gazeera",25,"El Kamlin","Education : Access to preschool education - ALL children","Proportion",0.7632,0.5991,0.9083,0.0836
4,"Al-Gazeera",25,"El Kamlin","Education : Access to basic education - ALL children","Proportion",0.9116,0.7949,0.9551,0.0405
4,"Al-Gazeera",25,"El Kamlin","Education : Access to education (preschool or basic) - ALL children","Proportion",0.8674,0.7587,0.9233,0.0466
4,"Al-Gazeera",25,"El Kamlin","Education : Access to preschool education - MALES","Proportion",0.7222,0.5553,0.8879,0.0815
4,"Al-Gazeera",25,"El Kamlin","Education : Access to basic education - MALES","Proportion",0.9147,0.8502,0.9646,0.0302
4,"Al-Gazeera",25,"El Kamlin","Education : Access to education (preschool or basic) - MALES","Proportion",0.8659,0.7737,0.9227,0.0406
4,"Al-Gazeera",25,"El Kamlin","Education : Access to preschool education - FEMALES","Proportion",0.7902,0.5935,0.9206,0.0836
4,"Al-Gazeera",25,"El Kamlin","Education : Access to basic education - FEMALES","Proportion",0.9043,0.7766,0.9654,0.0508
4,"Al-Gazeera",25,"El Kamlin","Education : Access to education (preschool or basic) - FEMALES","Proportion",0.8642,0.7224,0.9349,0.0528
4,"Al-Gazeera",26,"Sharg El Gezira","Education : Access to preschool education - ALL children","Proportion",0.6367,0.4579,0.7751,0.0772
4,"Al-Gazeera",26,"Sharg El Gezira","Education : Access to basic education - ALL children","Proportion",0.8904,0.7803,0.9594,0.043
4,"Al-Gazeera",26,"Sharg El Gezira","Education : Access to education (preschool or basic) - ALL children","Proportion",0.8291,0.7186,0.911,0.0571
4,"Al-Gazeera",26,"Sharg El Gezira","Education : Access to preschool education - MALES","Proportion",0.6134,0.3999,0.8049,0.0999
4,"Al-Gazeera",26,"Sharg El Gezira","Education : Access to basic education - MALES","Proportion",0.8988,0.799,0.9653,0.0423
4,"Al-Gazeera",26,"Sharg El Gezira","Education : Access to education (preschool or basic) - MALES","Proportion",0.8328,0.7139,0.9296,0.0531
4,"Al-Gazeera",26,"Sharg El Gezira","Education : Access to preschool education - FEMALES","Proportion",0.6583,0.4957,0.8096,0.0845
4,"Al-Gazeera",26,"Sharg El Gezira","Education : Access to basic education - FEMALES","Proportion",0.8775,0.7735,0.9491,0.0461
4,"Al-Gazeera",26,"Sharg El Gezira","Education : Access to education (preschool or basic) - FEMALES","Proportion",0.8211,0.6909,0.9175,0.0528
4,"Al-Gazeera",27,"Um Elqura","Education : Access to preschool education - ALL children","Proportion",0.6456,0.5159,0.7787,0.0753
4,"Al-Gazeera",27,"Um Elqura","Education : Access to basic education - ALL children","Proportion",0.9401,0.8948,0.9712,0.0203
4,"Al-Gazeera",27,"Um Elqura","Education : Access to education (preschool or basic) - ALL children","Proportion",0.8567,0.7881,0.9073,0.0336
4,"Al-Gazeera",27,"Um Elqura","Education : Access to preschool education - MALES","Proportion",0.6096,0.4098,0.7438,0.091
4,"Al-Gazeera",27,"Um Elqura","Education : Access to basic education - MALES","Proportion",0.9516,0.911,0.9814,0.0197
4,"Al-Gazeera",27,"Um Elqura","Education : Access to education (preschool or basic) - MALES","Proportion",0.8483,0.7778,0.9068,0.0335
4,"Al-Gazeera",27,"Um Elqura","Education : Access to preschool education - FEMALES","Proportion",0.7083,0.566,0.8302,0.0625
4,"Al-Gazeera",27,"Um Elqura","Education : Access to basic education - FEMALES","Proportion",0.925,0.8576,0.9818,0.0318
4,"Al-Gazeera",27,"Um Elqura","Education : Access to education (preschool or basic) - FEMALES","Proportion",0.8694,0.7833,0.9341,0.0386
4,"Al-Gazeera",28,"El Manaqil","Education : Access to preschool education - ALL children","Proportion",0.5788,0.3876,0.7498,0.0951
4,"Al-Gazeera",28,"El Manaqil","Education : Access to basic education - ALL children","Proportion",0.8495,0.7626,0.9234,0.0467
4,"Al-Gazeera",28,"El Manaqil","Education : Access to education (preschool or basic) - ALL children","Proportion",0.7676,0.6586,0.8596,0.0605
4,"Al-Gazeera",28,"El Manaqil","Education : Access to preschool education - MALES","Proportion",0.5802,0.3648,0.7395,0.0941
4,"Al-Gazeera",28,"El Manaqil","Education : Access to basic education - MALES","Proportion",0.858,0.7755,0.9224,0.0395
4,"Al-Gazeera",28,"El Manaqil","Education : Access to education (preschool or basic) - MALES","Proportion",0.792,0.6718,0.8761,0.0516
4,"Al-Gazeera",28,"El Manaqil","Education : Access to preschool education - FEMALES","Proportion",0.5743,0.3749,0.7688,0.094
4,"Al-Gazeera",28,"El Manaqil","Education : Access to basic education - FEMALES","Proportion",0.8396,0.7212,0.9375,0.0528
4,"Al-Gazeera",28,"El Manaqil","Education : Access to education (preschool or basic) - FEMALES","Proportion",0.7479,0.6103,0.8557,0.0623
4,"Al-Gazeera",29,"El Qurashi","Education : Access to preschool education - ALL children","Proportion",0.7572,0.5648,0.8936,0.1026
4,"Al-Gazeera",29,"El Qurashi","Education : Access to basic education - ALL children","Proportion",0.9066,0.8477,0.9498,0.0238
4,"Al-Gazeera",29,"El Qurashi","Education : Access to education (preschool or basic) - ALL children","Proportion",0.8683,0.755,0.9247,0.041
4,"Al-Gazeera",29,"El Qurashi","Education : Access to preschool education - MALES","Proportion",0.7231,0.5148,0.8819,0.1026
4,"Al-Gazeera",29,"El Qurashi","Education : Access to basic education - MALES","Proportion",0.913,0.8633,0.9591,0.0242
4,"Al-Gazeera",29,"El Qurashi","Education : Access to education (preschool or basic) - MALES","Proportion",0.8681,0.7842,0.9254,0.0388
4,"Al-Gazeera",29,"El Qurashi","Education : Access to preschool education - FEMALES","Proportion",0.7853,0.5757,0.9152,0.0986
4,"Al-Gazeera",29,"El Qurashi","Education : Access to basic education - FEMALES","Proportion",0.9009,0.8244,0.9567,0.0302
4,"Al-Gazeera",29,"El Qurashi","Education : Access to education (preschool or basic) - FEMALES","Proportion",0.8619,0.7606,0.9382,0.0456
9,"Blue Nile",71,"El Tadamon","Education : Access to preschool education - ALL children","Proportion",0.3152,0.2244,0.4122,0.0472
9,"Blue Nile",71,"El Tadamon","Education : Access to basic education - ALL children","Proportion",0.5182,0.3428,0.6877,0.084
9,"Blue Nile",71,"El Tadamon","Education : Access to education (preschool or basic) - ALL children","Proportion",0.4028,0.3058,0.4964,0.052
9,"Blue Nile",71,"El Tadamon","Education : Access to preschool education - MALES","Proportion",0.4321,0.2658,0.5855,0.0844
9,"Blue Nile",71,"El Tadamon","Education : Access to basic education - MALES","Proportion",0.5319,0.3571,0.717,0.0886
9,"Blue Nile",71,"El Tadamon","Education : Access to education (preschool or basic) - MALES","Proportion",0.473,0.3767,0.5767,0.0568
9,"Blue Nile",71,"El Tadamon","Education : Access to preschool education - FEMALES","Proportion",0.2062,0.0964,0.3485,0.0606
9,"Blue Nile",71,"El Tadamon","Education : Access to basic education - FEMALES","Proportion",0.5172,0.2727,0.7214,0.12
9,"Blue Nile",71,"El Tadamon","Education : Access to education (preschool or basic) - FEMALES","Proportion",0.3306,0.1921,0.4761,0.0799
9,"Blue Nile",72,"El Roseiris","Education : Access to preschool education - ALL children","Proportion",0.5254,0.4112,0.62,0.051
9,"Blue Nile",72,"El Roseiris","Education : Access to basic education - ALL children","Proportion",0.7998,0.6762,0.8764,0.0462
9,"Blue Nile",72,"El Roseiris","Education : Access to education (preschool or basic) - ALL children","Proportion",0.7109,0.62,0.7911,0.0397
9,"Blue Nile",72,"El Roseiris","Education : Access to preschool education - MALES","Proportion",0.5,0.3852,0.6338,0.066
9,"Blue Nile",72,"El Roseiris","Education : Access to basic education - MALES","Proportion",0.8007,0.6846,0.8986,0.0523
9,"Blue Nile",72,"El Roseiris","Education : Access to education (preschool or basic) - MALES","Proportion",0.7221,0.6123,0.8091,0.05
9,"Blue Nile",72,"El Roseiris","Education : Access to preschool education - FEMALES","Proportion",0.5465,0.4363,0.6717,0.0586
9,"Blue Nile",72,"El Roseiris","Education : Access to basic education - FEMALES","Proportion",0.7815,0.6862,0.8637,0.0432
9,"Blue Nile",72,"El Roseiris","Education : Access to education (preschool or basic) - FEMALES","Proportion",0.7072,0.6198,0.7818,0.0426
9,"Blue Nile",73,"Baw","Education : Access to preschool education - ALL children","Proportion",0.3118,0.2195,0.4048,0.0548
9,"Blue Nile",73,"Baw","Education : Access to basic education - ALL children","Proportion",0.6,0.4233,0.7028,0.0773
9,"Blue Nile",73,"Baw","Education : Access to education (preschool or basic) - ALL children","Proportion",0.4872,0.36,0.57,0.0638
9,"Blue Nile",73,"Baw","Education : Access to preschool education - MALES","Proportion",0.2737,0.1619,0.4111,0.0673
9,"Blue Nile",73,"Baw","Education : Access to basic education - MALES","Proportion",0.6541,0.4563,0.7651,0.0758
9,"Blue Nile",73,"Baw","Education : Access to education (preschool or basic) - MALES","Proportion",0.5135,0.3946,0.6308,0.0672
9,"Blue Nile",73,"Baw","Education : Access to preschool education - FEMALES","Proportion",0.3333,0.2056,0.4947,0.066
9,"Blue Nile",73,"Baw","Education : Access to basic education - FEMALES","Proportion",0.5181,0.3617,0.6317,0.0844
9,"Blue Nile",73,"Baw","Education : Access to education (preschool or basic) - FEMALES","Proportion",0.4472,0.3042,0.5468,0.0663
9,"Blue Nile",74,"Geisan","Education : Access to preschool education - ALL children","Proportion",0.2389,0.1538,0.3442,0.0519
9,"Blue Nile",74,"Geisan","Education : Access to basic education - ALL children","Proportion",0.5821,0.4093,0.7765,0.0869
9,"Blue Nile",74,"Geisan","Education : Access to education (preschool or basic) - ALL children","Proportion",0.4746,0.3479,0.5903,0.0643
9,"Blue Nile",74,"Geisan","Education : Access to preschool education - MALES","Proportion",0.2171,0.1261,0.3121,0.0505
9,"Blue Nile",74,"Geisan","Education : Access to basic education - MALES","Proportion",0.6127,0.4327,0.7856,0.087
9,"Blue Nile",74,"Geisan","Education : Access to education (preschool or basic) - MALES","Proportion",0.4747,0.3567,0.6148,0.0707
9,"Blue Nile",74,"Geisan","Education : Access to preschool education - FEMALES","Proportion",0.2658,0.1099,0.4251,0.0841
9,"Blue Nile",74,"Geisan","Education : Access to basic education - FEMALES","Proportion",0.5785,0.4018,0.7331,0.0955
9,"Blue Nile",74,"Geisan","Education : Access to education (preschool or basic) - FEMALES","Proportion",0.5,0.3431,0.6357,0.08
9,"Blue Nile",75,"El Kurmuk","Education : Access to preschool education - ALL children","Proportion",0.2286,0.0952,0.3501,0.067
9,"Blue Nile",75,"El Kurmuk","Education : Access to basic education - ALL children","Proportion",0.7017,0.6079,0.7945,0.0529
9,"Blue Nile",75,"El Kurmuk","Education : Access to education (preschool or basic) - ALL children","Proportion",0.5904,0.5065,0.6667,0.0339
9,"Blue Nile",75,"El Kurmuk","Education : Access to preschool education - MALES","Proportion",0.3115,0.1104,0.507,0.1012
9,"Blue Nile",75,"El Kurmuk","Education : Access to basic education - MALES","Proportion",0.7733,0.6689,0.8791,0.0495
9,"Blue Nile",75,"El Kurmuk","Education : Access to education (preschool or basic) - MALES","Proportion",0.6549,0.5524,0.7394,0.0477
9,"Blue Nile",75,"El Kurmuk","Education : Access to preschool education - FEMALES","Proportion",0.1319,0.0333,0.2889,0.0591
9,"Blue Nile",75,"El Kurmuk","Education : Access to basic education - FEMALES","Proportion",0.6256,0.4868,0.7583,0.0685
9,"Blue Nile",75,"El Kurmuk","Education : Access to education (preschool or basic) - FEMALES","Proportion",0.5074,0.3831,0.6247,0.0641
9,"Blue Nile",76,"Wad El Mahi","Education : Access to preschool education - ALL children","Proportion",0.5362,0.3584,0.6898,0.0859
9,"Blue Nile",76,"Wad El Mahi","Education : Access to basic education - ALL children","Proportion",0.758,0.6608,0.8394,0.0437
9,"Blue Nile",76,"Wad El Mahi","Education : Access to education (preschool or basic) - ALL children","Proportion",0.6981,0.6071,0.7853,0.0471
9,"Blue Nile",76,"Wad El Mahi","Education : Access to preschool education - MALES","Proportion",0.597,0.4085,0.7931,0.0957
9,"Blue Nile",76,"Wad El Mahi","Education : Access to basic education - MALES","Proportion",0.7665,0.668,0.8321,0.0469
9,"Blue Nile",76,"Wad El Mahi","Education : Access to education (preschool or basic) - MALES","Proportion",0.7288,0.6281,0.8112,0.0457
9,"Blue Nile",76,"Wad El Mahi","Education : Access to preschool education - FEMALES","Proportion",0.4971,0.3392,0.6443,0.0776
9,"Blue Nile",76,"Wad El Mahi","Education : Access to basic education - FEMALES","Proportion",0.7601,0.6361,0.8529,0.0512
9,"Blue Nile",76,"Wad El Mahi","Education : Access to education (preschool or basic) - FEMALES","Proportion",0.6758,0.5603,0.7634,0.0498
16,"Central Darfur",165,"Wadi Salih","Education : Access to preschool education - ALL children","Proportion",0.3636,0.2261,0.5197,0.0693
16,"Central Darfur",165,"Wadi Salih","Education : Access to basic education - ALL children","Proportion",0.7391,0.5964,0.8658,0.0674
16,"Central Darfur",165,"Wadi Salih","Education : Access to education (preschool or basic) - ALL children","Proportion",0.5921,0.4561,0.718,0.0638
16,"Central Darfur",165,"Wadi Salih","Education : Access to preschool education - MALES","Proportion",0.3393,0.1667,0.5125,0.0853
16,"Central Darfur",165,"Wadi Salih","Education : Access to basic education - MALES","Proportion",0.8142,0.6571,0.9116,0.073
16,"Central Darfur",165,"Wadi Salih","Education : Access to education (preschool or basic) - MALES","Proportion",0.6196,0.5044,0.7407,0.071
16,"Central Darfur",165,"Wadi Salih","Education : Access to preschool education - FEMALES","Proportion",0.4057,0.2189,0.6027,0.1064
16,"Central Darfur",165,"Wadi Salih","Education : Access to basic education - FEMALES","Proportion",0.6479,0.435,0.8121,0.0994
16,"Central Darfur",165,"Wadi Salih","Education : Access to education (preschool or basic) - FEMALES","Proportion",0.5428,0.3915,0.704,0.0737
16,"Central Darfur",166,"Mukjar","Education : Access to preschool education - ALL children","Proportion",0.1845,0.0495,0.3732,0.0903
16,"Central Darfur",166,"Mukjar","Education : Access to basic education - ALL children","Proportion",0.4384,0.2504,0.6821,0.1324
16,"Central Darfur",166,"Mukjar","Education : Access to education (preschool or basic) - ALL children","Proportion",0.3351,0.1413,0.5224,0.1171
16,"Central Darfur",166,"Mukjar","Education : Access to preschool education - MALES","Proportion",0.2344,0.043,0.4229,0.1077
16,"Central Darfur",166,"Mukjar","Education : Access to basic education - MALES","Proportion",0.4847,0.2332,0.7042,0.1178
16,"Central Darfur",166,"Mukjar","Education : Access to education (preschool or basic) - MALES","Proportion",0.3679,0.1587,0.5779,0.1133
16,"Central Darfur",166,"Mukjar","Education : Access to preschool education - FEMALES","Proportion",0.125,0.0165,0.3078,0.0842
16,"Central Darfur",166,"Mukjar","Education : Access to basic education - FEMALES","Proportion",0.3861,0.1376,0.6608,0.1317
16,"Central Darfur",166,"Mukjar","Education : Access to education (preschool or basic) - FEMALES","Proportion",0.2708,0.0986,0.4818,0.103
16,"Central Darfur",167,"Central Jebel Mara","Education : Access to preschool education - ALL children","Proportion",0.5312,0.2143,0.8445,0.1816
16,"Central Darfur",167,"Central Jebel Mara","Education : Access to basic education - ALL children","Proportion",0.9043,0.823,0.9684,0.0409
16,"Central Darfur",167,"Central Jebel Mara","Education : Access to education (preschool or basic) - ALL children","Proportion",0.7857,0.6723,0.9248,0.066
16,"Central Darfur",167,"Central Jebel Mara","Education : Access to preschool education - MALES","Proportion",0.4314,0.1124,0.83,0.2011
16,"Central Darfur",167,"Central Jebel Mara","Education : Access to basic education - MALES","Proportion",0.8829,0.7757,0.9627,0.0511
16,"Central Darfur",167,"Central Jebel Mara","Education : Access to education (preschool or basic) - MALES","Proportion",0.7407,0.5849,0.8996,0.0841
16,"Central Darfur",167,"Central Jebel Mara","Education : Access to preschool education - FEMALES","Proportion",0.587,0.2368,0.8898,0.1677
16,"Central Darfur",167,"Central Jebel Mara","Education : Access to basic education - FEMALES","Proportion",0.935,0.8373,1,0.0434
16,"Central Darfur",167,"Central Jebel Mara","Education : Access to education (preschool or basic) - FEMALES","Proportion",0.8302,0.6945,0.9366,0.0645
16,"Central Darfur",168,"North Jebel Mara","Education : Access to preschool education - ALL children","Proportion",0.026,0,0.104,0.0375
16,"Central Darfur",168,"North Jebel Mara","Education : Access to basic education - ALL children","Proportion",0.5806,0.366,0.7709,0.0973
16,"Central Darfur",168,"North Jebel Mara","Education : Access to education (preschool or basic) - ALL children","Proportion",0.3939,0.23,0.5366,0.0815
16,"Central Darfur",168,"North Jebel Mara","Education : Access to preschool education - MALES","Proportion",0.0256,0,0.1179,0.0412
16,"Central Darfur",168,"North Jebel Mara","Education : Access to basic education - MALES","Proportion",0.5172,0.2645,0.8061,0.1466
16,"Central Darfur",168,"North Jebel Mara","Education : Access to education (preschool or basic) - MALES","Proportion",0.3452,0.1647,0.5303,0.0962
16,"Central Darfur",168,"North Jebel Mara","Education : Access to preschool education - FEMALES","Proportion",0.0233,0,0.1154,0.0353
16,"Central Darfur",168,"North Jebel Mara","Education : Access to basic education - FEMALES","Proportion",0.6056,0.3905,0.798,0.1082
16,"Central Darfur",168,"North Jebel Mara","Education : Access to education (preschool or basic) - FEMALES","Proportion",0.4385,0.2346,0.587,0.0792
16,"Central Darfur",169,"Bendasi","Education : Access to preschool education - ALL children","Proportion",0.1278,0.0521,0.2289,0.0455
16,"Central Darfur",169,"Bendasi","Education : Access to basic education - ALL children","Proportion",0.539,0.2831,0.7751,0.1299
16,"Central Darfur",169,"Bendasi","Education : Access to education (preschool or basic) - ALL children","Proportion",0.4105,0.2252,0.5943,0.1009
16,"Central Darfur",169,"Bendasi","Education : Access to preschool education - MALES","Proportion",0.134,0.0357,0.2479,0.0594
16,"Central Darfur",169,"Bendasi","Education : Access to basic education - MALES","Proportion",0.6442,0.3349,0.8292,0.1033
16,"Central Darfur",169,"Bendasi","Education : Access to education (preschool or basic) - MALES","Proportion",0.4721,0.2331,0.665,0.1059
16,"Central Darfur",169,"Bendasi","Education : Access to preschool education - FEMALES","Proportion",0.131,0.0467,0.2395,0.0527
16,"Central Darfur",169,"Bendasi","Education : Access to basic education - FEMALES","Proportion",0.4115,0.1919,0.6668,0.1353
16,"Central Darfur",169,"Bendasi","Education : Access to education (preschool or basic) - FEMALES","Proportion",0.3246,0.1647,0.5133,0.1028
16,"Central Darfur",170,"Nertiti","Education : Access to preschool education - ALL children","Proportion",0.4694,0.3484,0.6035,0.066
16,"Central Darfur",170,"Nertiti","Education : Access to basic education - ALL children","Proportion",0.8037,0.707,0.8765,0.045
16,"Central Darfur",170,"Nertiti","Education : Access to education (preschool or basic) - ALL children","Proportion",0.6713,0.5466,0.7672,0.0567
16,"Central Darfur",170,"Nertiti","Education : Access to preschool education - MALES","Proportion",0.3984,0.2533,0.5676,0.0703
16,"Central Darfur",170,"Nertiti","Education : Access to basic education - MALES","Proportion",0.8263,0.7091,0.8982,0.0461
16,"Central Darfur",170,"Nertiti","Education : Access to education (preschool or basic) - MALES","Proportion",0.6618,0.5515,0.7527,0.0563
16,"Central Darfur",170,"Nertiti","Education : Access to preschool education - FEMALES","Proportion",0.5472,0.39,0.6725,0.0732
16,"Central Darfur",170,"Nertiti","Education : Access to basic education - FEMALES","Proportion",0.7843,0.6318,0.8761,0.0642
16,"Central Darfur",170,"Nertiti","Education : Access to education (preschool or basic) - FEMALES","Proportion",0.6776,0.556,0.7855,0.0582
16,"Central Darfur",171,"Azum","Education : Access to preschool education - ALL children","Proportion",0.0673,0.0298,0.1049,0.0199
16,"Central Darfur",171,"Azum","Education : Access to basic education - ALL children","Proportion",0.5234,0.395,0.615,0.0645
16,"Central Darfur",171,"Azum","Education : Access to education (preschool or basic) - ALL children","Proportion",0.3706,0.2624,0.4523,0.0449
16,"Central Darfur",171,"Azum","Education : Access to preschool education - MALES","Proportion",0.08,0.035,0.138,0.0296
16,"Central Darfur",171,"Azum","Education : Access to basic education - MALES","Proportion",0.5862,0.4321,0.6811,0.053
16,"Central Darfur",171,"Azum","Education : Access to education (preschool or basic) - MALES","Proportion",0.4138,0.3048,0.4849,0.0468
16,"Central Darfur",171,"Azum","Education : Access to preschool education - FEMALES","Proportion",0.0476,0,0.1112,0.0265
16,"Central Darfur",171,"Azum","Education : Access to basic education - FEMALES","Proportion",0.4497,0.3031,0.5966,0.0692
16,"Central Darfur",171,"Azum","Education : Access to education (preschool or basic) - FEMALES","Proportion",0.3244,0.2135,0.4391,0.0576
16,"Central Darfur",172,"Um Dukhun","Education : Access to preschool education - ALL children","Proportion",0.0762,0.0227,0.1645,0.0354
16,"Central Darfur",172,"Um Dukhun","Education : Access to basic education - ALL children","Proportion",0.3808,0.2067,0.5425,0.0843
16,"Central Darfur",172,"Um Dukhun","Education : Access to education (preschool or basic) - ALL children","Proportion",0.2618,0.1426,0.4021,0.0633
16,"Central Darfur",172,"Um Dukhun","Education : Access to preschool education - MALES","Proportion",0.0505,0,0.1511,0.0442
16,"Central Darfur",172,"Um Dukhun","Education : Access to basic education - MALES","Proportion",0.3891,0.2169,0.5867,0.094
16,"Central Darfur",172,"Um Dukhun","Education : Access to education (preschool or basic) - MALES","Proportion",0.2651,0.1132,0.4185,0.072
16,"Central Darfur",172,"Um Dukhun","Education : Access to preschool education - FEMALES","Proportion",0.1031,0.0196,0.2084,0.0461
16,"Central Darfur",172,"Um Dukhun","Education : Access to basic education - FEMALES","Proportion",0.3398,0.1751,0.4932,0.0819
16,"Central Darfur",172,"Um Dukhun","Education : Access to education (preschool or basic) - FEMALES","Proportion",0.2564,0.1362,0.3827,0.0634
17,"East Darfur",174,"Abu Karinka","Education : Access to preschool education - ALL children","Proportion",0.5537,0.396,0.7095,0.0877
17,"East Darfur",174,"Abu Karinka","Education : Access to basic education - ALL children","Proportion",0.894,0.7769,0.9502,0.0356
17,"East Darfur",174,"Abu Karinka","Education : Access to education (preschool or basic) - ALL children","Proportion",0.7774,0.6492,0.8623,0.0607
17,"East Darfur",174,"Abu Karinka","Education : Access to preschool education - MALES","Proportion",0.5354,0.3819,0.6852,0.0809
17,"East Darfur",174,"Abu Karinka","Education : Access to basic education - MALES","Proportion",0.8942,0.7878,0.9509,0.0461
17,"East Darfur",174,"Abu Karinka","Education : Access to education (preschool or basic) - MALES","Proportion",0.768,0.6373,0.8511,0.0522
17,"East Darfur",174,"Abu Karinka","Education : Access to preschool education - FEMALES","Proportion",0.5703,0.3691,0.78,0.1077
17,"East Darfur",174,"Abu Karinka","Education : Access to basic education - FEMALES","Proportion",0.8857,0.7856,0.9668,0.0537
17,"East Darfur",174,"Abu Karinka","Education : Access to education (preschool or basic) - FEMALES","Proportion",0.7676,0.6357,0.8989,0.0744
17,"East Darfur",175,"Bahr El Arab","Education : Access to preschool education - ALL children","Proportion",0,0,0.048,0.0123
17,"East Darfur",175,"Bahr El Arab","Education : Access to basic education - ALL children","Proportion",0.1111,0,0.5,0.0978
17,"East Darfur",175,"Bahr El Arab","Education : Access to education (preschool or basic) - ALL children","Proportion",0.032,0,0.0871,0.0227
17,"East Darfur",175,"Bahr El Arab","Education : Access to preschool education - MALES","Proportion",0,0,0,0
17,"East Darfur",175,"Bahr El Arab","Education : Access to basic education - MALES","Proportion",0.1667,0,1,0.2965
17,"East Darfur",175,"Bahr El Arab","Education : Access to education (preschool or basic) - MALES","Proportion",0.0286,0,0.1818,0.0412
17,"East Darfur",175,"Bahr El Arab","Education : Access to preschool education - FEMALES","Proportion",0,0,0.0698,0.0233
17,"East Darfur",175,"Bahr El Arab","Education : Access to basic education - FEMALES","Proportion",0.0476,0,0.4017,0.114
17,"East Darfur",175,"Bahr El Arab","Education : Access to education (preschool or basic) - FEMALES","Proportion",0.0303,0,0.1028,0.0283
17,"East Darfur",176,"Adila","Education : Access to preschool education - ALL children","Proportion",0.4432,0.2979,0.5759,0.0852
17,"East Darfur",176,"Adila","Education : Access to basic education - ALL children","Proportion",0.8031,0.7026,0.9072,0.0553
17,"East Darfur",176,"Adila","Education : Access to education (preschool or basic) - ALL children","Proportion",0.6739,0.5708,0.7756,0.0582
17,"East Darfur",176,"Adila","Education : Access to preschool education - MALES","Proportion",0.493,0.3057,0.7281,0.1054
17,"East Darfur",176,"Adila","Education : Access to basic education - MALES","Proportion",0.8201,0.7391,0.9086,0.0405
17,"East Darfur",176,"Adila","Education : Access to education (preschool or basic) - MALES","Proportion",0.7023,0.576,0.8354,0.0667
17,"East Darfur",176,"Adila","Education : Access to preschool education - FEMALES","Proportion",0.38,0.2361,0.5201,0.0699
17,"East Darfur",176,"Adila","Education : Access to basic education - FEMALES","Proportion",0.7801,0.623,0.9082,0.0699
17,"East Darfur",176,"Adila","Education : Access to education (preschool or basic) - FEMALES","Proportion",0.651,0.543,0.7665,0.0595
17,"East Darfur",177,"Ed Dain","Education : Access to preschool education - ALL children","Proportion",0.7,0.5937,0.797,0.053
17,"East Darfur",177,"Ed Dain","Education : Access to basic education - ALL children","Proportion",0.9339,0.8942,0.9625,0.0189
17,"East Darfur",177,"Ed Dain","Education : Access to education (preschool or basic) - ALL children","Proportion",0.8674,0.8167,0.9166,0.0247
17,"East Darfur",177,"Ed Dain","Education : Access to preschool education - MALES","Proportion",0.7151,0.5886,0.8258,0.0597
17,"East Darfur",177,"Ed Dain","Education : Access to basic education - MALES","Proportion",0.9424,0.8853,0.9794,0.0213
17,"East Darfur",177,"Ed Dain","Education : Access to education (preschool or basic) - MALES","Proportion",0.8786,0.8104,0.9227,0.0276
17,"East Darfur",177,"Ed Dain","Education : Access to preschool education - FEMALES","Proportion",0.6944,0.5704,0.8001,0.0561
17,"East Darfur",177,"Ed Dain","Education : Access to basic education - FEMALES","Proportion",0.9242,0.8755,0.9692,0.0242
17,"East Darfur",177,"Ed Dain","Education : Access to education (preschool or basic) - FEMALES","Proportion",0.8617,0.8023,0.9112,0.0298
17,"East Darfur",178,"Assalaya","Education : Access to preschool education - ALL children","Proportion",0.1816,0.1158,0.24,0.033
17,"East Darfur",178,"Assalaya","Education : Access to basic education - ALL children","Proportion",0.5804,0.4979,0.6723,0.0483
17,"East Darfur",178,"Assalaya","Education : Access to education (preschool or basic) - ALL children","Proportion",0.4599,0.3937,0.533,0.0402
17,"East Darfur",178,"Assalaya","Education : Access to preschool education - MALES","Proportion",0.1848,0.0944,0.2772,0.0449
17,"East Darfur",178,"Assalaya","Education : Access to basic education - MALES","Proportion",0.6353,0.5518,0.7371,0.0481
17,"East Darfur",178,"Assalaya","Education : Access to education (preschool or basic) - MALES","Proportion",0.5,0.4301,0.5932,0.0433
17,"East Darfur",178,"Assalaya","Education : Access to preschool education - FEMALES","Proportion",0.1726,0.0907,0.2512,0.0434
17,"East Darfur",178,"Assalaya","Education : Access to basic education - FEMALES","Proportion",0.5226,0.4241,0.6343,0.0569
17,"East Darfur",178,"Assalaya","Education : Access to education (preschool or basic) - FEMALES","Proportion",0.4182,0.3344,0.5093,0.0436
17,"East Darfur",179,"El Firdous","Education : Access to preschool education - ALL children","Proportion",0.1135,0.0541,0.2004,0.0376
17,"East Darfur",179,"El Firdous","Education : Access to basic education - ALL children","Proportion",0.3968,0.283,0.5219,0.0627
17,"East Darfur",179,"El Firdous","Education : Access to education (preschool or basic) - ALL children","Proportion",0.3053,0.2078,0.3938,0.0427
17,"East Darfur",179,"El Firdous","Education : Access to preschool education - MALES","Proportion",0.1371,0.0503,0.2447,0.0528
17,"East Darfur",179,"El Firdous","Education : Access to basic education - MALES","Proportion",0.4414,0.3311,0.5783,0.0638
17,"East Darfur",179,"El Firdous","Education : Access to education (preschool or basic) - MALES","Proportion",0.3418,0.2395,0.4449,0.0531
17,"East Darfur",179,"El Firdous","Education : Access to preschool education - FEMALES","Proportion",0.0952,0.0282,0.1807,0.0354
17,"East Darfur",179,"El Firdous","Education : Access to basic education - FEMALES","Proportion",0.3671,0.2072,0.5017,0.0745
17,"East Darfur",179,"El Firdous","Education : Access to education (preschool or basic) - FEMALES","Proportion",0.2635,0.1657,0.3587,0.0564
17,"East Darfur",180,"Shia-ria","Education : Access to preschool education - ALL children","Proportion",0.4816,0.3174,0.6537,0.0948
17,"East Darfur",180,"Shia-ria","Education : Access to basic education - ALL children","Proportion",0.7406,0.6385,0.8391,0.0524
17,"East Darfur",180,"Shia-ria","Education : Access to education (preschool or basic) - ALL children","Proportion",0.6534,0.5276,0.7757,0.0552
17,"East Darfur",180,"Shia-ria","Education : Access to preschool education - MALES","Proportion",0.4914,0.2941,0.697,0.1146
17,"East Darfur",180,"Shia-ria","Education : Access to basic education - MALES","Proportion",0.7675,0.6577,0.873,0.0526
17,"East Darfur",180,"Shia-ria","Education : Access to education (preschool or basic) - MALES","Proportion",0.6794,0.5292,0.79,0.0663
17,"East Darfur",180,"Shia-ria","Education : Access to preschool education - FEMALES","Proportion",0.4684,0.3003,0.6372,0.0885
17,"East Darfur",180,"Shia-ria","Education : Access to basic education - FEMALES","Proportion",0.7046,0.5872,0.8363,0.0652
17,"East Darfur",180,"Shia-ria","Education : Access to education (preschool or basic) - FEMALES","Proportion",0.6179,0.4915,0.7416,0.0688
17,"East Darfur",181,"Yassin","Education : Access to preschool education - ALL children","Proportion",0.3607,0.2474,0.4535,0.0551
17,"East Darfur",181,"Yassin","Education : Access to basic education - ALL children","Proportion",0.7449,0.6673,0.8037,0.0338
17,"East Darfur",181,"Yassin","Education : Access to education (preschool or basic) - ALL children","Proportion",0.6315,0.5556,0.6952,0.037
17,"East Darfur",181,"Yassin","Education : Access to preschool education - MALES","Proportion",0.3308,0.2202,0.4411,0.0572
17,"East Darfur",181,"Yassin","Education : Access to basic education - MALES","Proportion",0.7736,0.6911,0.8372,0.0389
17,"East Darfur",181,"Yassin","Education : Access to education (preschool or basic) - MALES","Proportion",0.6515,0.5709,0.7165,0.0398
17,"East Darfur",181,"Yassin","Education : Access to preschool education - FEMALES","Proportion",0.3977,0.2342,0.5556,0.0796
17,"East Darfur",181,"Yassin","Education : Access to basic education - FEMALES","Proportion",0.707,0.5969,0.783,0.0414
17,"East Darfur",181,"Yassin","Education : Access to education (preschool or basic) - FEMALES","Proportion",0.6124,0.5119,0.6905,0.0433
6,"Kassala",41,"Refi Kassla","Education : Access to preschool education - ALL children","Proportion",0.3313,0.2543,0.4166,0.0411
6,"Kassala",41,"Refi Kassla","Education : Access to basic education - ALL children","Proportion",0.7834,0.6686,0.8622,0.0444
6,"Kassala",41,"Refi Kassla","Education : Access to education (preschool or basic) - ALL children","Proportion",0.637,0.5422,0.7141,0.0426
6,"Kassala",41,"Refi Kassla","Education : Access to preschool education - MALES","Proportion",0.362,0.2592,0.4651,0.0555
6,"Kassala",41,"Refi Kassla","Education : Access to basic education - MALES","Proportion",0.8291,0.7136,0.9088,0.0478
6,"Kassala",41,"Refi Kassla","Education : Access to education (preschool or basic) - MALES","Proportion",0.6828,0.5906,0.7664,0.0486
6,"Kassala",41,"Refi Kassla","Education : Access to preschool education - FEMALES","Proportion",0.2888,0.1771,0.4297,0.0574
6,"Kassala",41,"Refi Kassla","Education : Access to basic education - FEMALES","Proportion",0.7309,0.6002,0.8195,0.0577
6,"Kassala",41,"Refi Kassla","Education : Access to education (preschool or basic) - FEMALES","Proportion",0.5898,0.4887,0.6828,0.0555
6,"Kassala",42,"Rural Western Kassala","Education : Access to preschool education - ALL children","Proportion",0.0605,0.0246,0.107,0.0221
6,"Kassala",42,"Rural Western Kassala","Education : Access to basic education - ALL children","Proportion",0.5704,0.4464,0.7035,0.0686
6,"Kassala",42,"Rural Western Kassala","Education : Access to education (preschool or basic) - ALL children","Proportion",0.3782,0.2967,0.4518,0.0395
6,"Kassala",42,"Rural Western Kassala","Education : Access to preschool education - MALES","Proportion",0.0645,0.0227,0.1307,0.0293
6,"Kassala",42,"Rural Western Kassala","Education : Access to basic education - MALES","Proportion",0.6118,0.5117,0.7131,0.0637
6,"Kassala",42,"Rural Western Kassala","Education : Access to education (preschool or basic) - MALES","Proportion",0.4197,0.3332,0.4983,0.046
6,"Kassala",42,"Rural Western Kassala","Education : Access to preschool education - FEMALES","Proportion",0.0577,0.0137,0.125,0.0252
6,"Kassala",42,"Rural Western Kassala","Education : Access to basic education - FEMALES","Proportion",0.5126,0.3426,0.6656,0.0822
6,"Kassala",42,"Rural Western Kassala","Education : Access to education (preschool or basic) - FEMALES","Proportion",0.3342,0.2335,0.4346,0.0577
6,"Kassala",43,"New Halfa","Education : Access to preschool education - ALL children","Proportion",0.6131,0.462,0.7511,0.0729
6,"Kassala",43,"New Halfa","Education : Access to basic education - ALL children","Proportion",0.9412,0.884,0.9767,0.0254
6,"Kassala",43,"New Halfa","Education : Access to education (preschool or basic) - ALL children","Proportion",0.8539,0.77,0.9114,0.0357
6,"Kassala",43,"New Halfa","Education : Access to preschool education - MALES","Proportion",0.5964,0.4142,0.7597,0.0918
6,"Kassala",43,"New Halfa","Education : Access to basic education - MALES","Proportion",0.9335,0.8776,0.9729,0.0258
6,"Kassala",43,"New Halfa","Education : Access to education (preschool or basic) - MALES","Proportion",0.8393,0.7714,0.906,0.0356
6,"Kassala",43,"New Halfa","Education : Access to preschool education - FEMALES","Proportion",0.6312,0.4701,0.7747,0.0827
6,"Kassala",43,"New Halfa","Education : Access to basic education - FEMALES","Proportion",0.9524,0.8793,0.989,0.0289
6,"Kassala",43,"New Halfa","Education : Access to education (preschool or basic) - FEMALES","Proportion",0.8632,0.7779,0.9295,0.0399
6,"Kassala",44,"Refi Nahr Atbara","Education : Access to preschool education - ALL children","Proportion",0.3439,0.2059,0.4783,0.0769
6,"Kassala",44,"Refi Nahr Atbara","Education : Access to basic education - ALL children","Proportion",0.7984,0.7065,0.8703,0.0434
6,"Kassala",44,"Refi Nahr Atbara","Education : Access to education (preschool or basic) - ALL children","Proportion",0.6671,0.5691,0.7561,0.0532
6,"Kassala",44,"Refi Nahr Atbara","Education : Access to preschool education - MALES","Proportion",0.2696,0.1354,0.4401,0.0729
6,"Kassala",44,"Refi Nahr Atbara","Education : Access to basic education - MALES","Proportion",0.8352,0.7404,0.9104,0.0416
6,"Kassala",44,"Refi Nahr Atbara","Education : Access to education (preschool or basic) - MALES","Proportion",0.6775,0.5803,0.7654,0.052
6,"Kassala",44,"Refi Nahr Atbara","Education : Access to preschool education - FEMALES","Proportion",0.4088,0.2358,0.5583,0.0773
6,"Kassala",44,"Refi Nahr Atbara","Education : Access to basic education - FEMALES","Proportion",0.7628,0.6356,0.8799,0.0596
6,"Kassala",44,"Refi Nahr Atbara","Education : Access to education (preschool or basic) - FEMALES","Proportion",0.6548,0.5294,0.7595,0.0564
6,"Kassala",45,"Rural Khashm Elgirba","Education : Access to preschool education - ALL children","Proportion",0.5524,0.4095,0.7165,0.0815
6,"Kassala",45,"Rural Khashm Elgirba","Education : Access to basic education - ALL children","Proportion",0.9604,0.9284,0.9844,0.0149
6,"Kassala",45,"Rural Khashm Elgirba","Education : Access to education (preschool or basic) - ALL children","Proportion",0.8437,0.7816,0.8996,0.0287
6,"Kassala",45,"Rural Khashm Elgirba","Education : Access to preschool education - MALES","Proportion",0.5143,0.3216,0.6967,0.0968
6,"Kassala",45,"Rural Khashm Elgirba","Education : Access to basic education - MALES","Proportion",0.982,0.9456,1,0.0161
6,"Kassala",45,"Rural Khashm Elgirba","Education : Access to education (preschool or basic) - MALES","Proportion",0.8526,0.7808,0.9134,0.0336
6,"Kassala",45,"Rural Khashm Elgirba","Education : Access to preschool education - FEMALES","Proportion",0.6146,0.4524,0.7865,0.085
6,"Kassala",45,"Rural Khashm Elgirba","Education : Access to basic education - FEMALES","Proportion",0.9343,0.8772,0.9776,0.0303
6,"Kassala",45,"Rural Khashm Elgirba","Education : Access to education (preschool or basic) - FEMALES","Proportion",0.8395,0.7684,0.9003,0.0366
6,"Kassala",46,"Rural Wad Elhilaiw","Education : Access to preschool education - ALL children","Proportion",0.3333,0.1988,0.4627,0.0761
6,"Kassala",46,"Rural Wad Elhilaiw","Education : Access to basic education - ALL children","Proportion",0.8009,0.7241,0.8766,0.036
6,"Kassala",46,"Rural Wad Elhilaiw","Education : Access to education (preschool or basic) - ALL children","Proportion",0.6724,0.586,0.7495,0.0445
6,"Kassala",46,"Rural Wad Elhilaiw","Education : Access to preschool education - MALES","Proportion",0.3146,0.1604,0.5128,0.0891
6,"Kassala",46,"Rural Wad Elhilaiw","Education : Access to basic education - MALES","Proportion",0.8504,0.7762,0.9047,0.0358
6,"Kassala",46,"Rural Wad Elhilaiw","Education : Access to education (preschool or basic) - MALES","Proportion",0.7111,0.6234,0.7898,0.042
6,"Kassala",46,"Rural Wad Elhilaiw","Education : Access to preschool education - FEMALES","Proportion",0.3353,0.195,0.4836,0.0789
6,"Kassala",46,"Rural Wad Elhilaiw","Education : Access to basic education - FEMALES","Proportion",0.7506,0.6179,0.8444,0.0575
6,"Kassala",46,"Rural Wad Elhilaiw","Education : Access to education (preschool or basic) - FEMALES","Proportion",0.63,0.5201,0.7323,0.049
6,"Kassala",47,"Rural Aroma","Education : Access to preschool education - ALL children","Proportion",0.0684,0.0049,0.1508,0.0353
6,"Kassala",47,"Rural Aroma","Education : Access to basic education - ALL children","Proportion",0.4538,0.2587,0.6526,0.1029
6,"Kassala",47,"Rural Aroma","Education : Access to education (preschool or basic) - ALL children","Proportion",0.3307,0.166,0.4751,0.082
6,"Kassala",47,"Rural Aroma","Education : Access to preschool education - MALES","Proportion",0.0943,0.0151,0.1936,0.0456
6,"Kassala",47,"Rural Aroma","Education : Access to basic education - MALES","Proportion",0.4664,0.2476,0.6922,0.1093
6,"Kassala",47,"Rural Aroma","Education : Access to education (preschool or basic) - MALES","Proportion",0.3397,0.1425,0.5257,0.0984
6,"Kassala",47,"Rural Aroma","Education : Access to preschool education - FEMALES","Proportion",0.0444,0,0.1329,0.0352
6,"Kassala",47,"Rural Aroma","Education : Access to basic education - FEMALES","Proportion",0.4449,0.2074,0.6611,0.1367
6,"Kassala",47,"Rural Aroma","Education : Access to education (preschool or basic) - FEMALES","Proportion",0.3039,0.1545,0.4839,0.0783
6,"Kassala",48,"Refi North Delta","Education : Access to preschool education - ALL children","Proportion",0.0969,0.0175,0.2609,0.0723
6,"Kassala",48,"Refi North Delta","Education : Access to basic education - ALL children","Proportion",0.4046,0.1532,0.6098,0.0953
6,"Kassala",48,"Refi North Delta","Education : Access to education (preschool or basic) - ALL children","Proportion",0.328,0.1601,0.4917,0.0911
6,"Kassala",48,"Refi North Delta","Education : Access to preschool education - MALES","Proportion",0.099,0.0147,0.2458,0.0599
6,"Kassala",48,"Refi North Delta","Education : Access to basic education - MALES","Proportion",0.3797,0.1913,0.6126,0.1061
6,"Kassala",48,"Refi North Delta","Education : Access to education (preschool or basic) - MALES","Proportion",0.2907,0.1278,0.4708,0.0885
6,"Kassala",48,"Refi North Delta","Education : Access to preschool education - FEMALES","Proportion",0.082,0,0.3611,0.1193
6,"Kassala",48,"Refi North Delta","Education : Access to basic education - FEMALES","Proportion",0.4356,0.2227,0.6443,0.1104
6,"Kassala",48,"Refi North Delta","Education : Access to education (preschool or basic) - FEMALES","Proportion",0.3569,0.1831,0.5409,0.1025
6,"Kassala",49,"Refi Hamashkureib","Education : Access to preschool education - ALL children","Proportion",0.0446,0.0165,0.1,0.0188
6,"Kassala",49,"Refi Hamashkureib","Education : Access to basic education - ALL children","Proportion",0.368,0.2886,0.4473,0.0428
6,"Kassala",49,"Refi Hamashkureib","Education : Access to education (preschool or basic) - ALL children","Proportion",0.285,0.208,0.3509,0.0342
6,"Kassala",49,"Refi Hamashkureib","Education : Access to preschool education - MALES","Proportion",0.0702,0.0276,0.1655,0.0315
6,"Kassala",49,"Refi Hamashkureib","Education : Access to basic education - MALES","Proportion",0.6485,0.5265,0.7463,0.0608
6,"Kassala",49,"Refi Hamashkureib","Education : Access to education (preschool or basic) - MALES","Proportion",0.4799,0.3724,0.587,0.0471
6,"Kassala",49,"Refi Hamashkureib","Education : Access to preschool education - FEMALES","Proportion",0,0,0.0425,0.012
6,"Kassala",49,"Refi Hamashkureib","Education : Access to basic education - FEMALES","Proportion",0.0525,0.0035,0.1233,0.0317
6,"Kassala",49,"Refi Hamashkureib","Education : Access to education (preschool or basic) - FEMALES","Proportion",0.0379,0.0022,0.1056,0.0281
6,"Kassala",50,"Rural Telkok","Education : Access to preschool education - ALL children","Proportion",0.1318,0.0226,0.3353,0.0702
6,"Kassala",50,"Rural Telkok","Education : Access to basic education - ALL children","Proportion",0.5087,0.3706,0.6757,0.0853
6,"Kassala",50,"Rural Telkok","Education : Access to education (preschool or basic) - ALL children","Proportion",0.4075,0.2729,0.5537,0.0779
6,"Kassala",50,"Rural Telkok","Education : Access to preschool education - MALES","Proportion",0.1649,0,0.3981,0.0961
6,"Kassala",50,"Rural Telkok","Education : Access to basic education - MALES","Proportion",0.8216,0.7084,0.8967,0.0467
6,"Kassala",50,"Rural Telkok","Education : Access to education (preschool or basic) - MALES","Proportion",0.6415,0.5213,0.7507,0.0633
6,"Kassala",50,"Rural Telkok","Education : Access to preschool education - FEMALES","Proportion",0.0938,0,0.2877,0.0744
6,"Kassala",50,"Rural Telkok","Education : Access to basic education - FEMALES","Proportion",0.1751,0,0.4266,0.1261
6,"Kassala",50,"Rural Telkok","Education : Access to education (preschool or basic) - FEMALES","Proportion",0.1682,0,0.3907,0.1114
3,"Khartoum",16,"Bahri","Education : Access to preschool education - ALL children","Proportion",0.8197,0.7119,0.8943,0.0469
3,"Khartoum",16,"Bahri","Education : Access to basic education - ALL children","Proportion",0.9792,0.9326,0.9979,0.0144
3,"Khartoum",16,"Bahri","Education : Access to education (preschool or basic) - ALL children","Proportion",0.9271,0.8798,0.9592,0.0203
3,"Khartoum",16,"Bahri","Education : Access to preschool education - MALES","Proportion",0.8308,0.7098,0.9216,0.0574
3,"Khartoum",16,"Bahri","Education : Access to basic education - MALES","Proportion",0.9722,0.9184,1,0.0187
3,"Khartoum",16,"Bahri","Education : Access to education (preschool or basic) - MALES","Proportion",0.9248,0.8542,0.9653,0.0234
3,"Khartoum",16,"Bahri","Education : Access to preschool education - FEMALES","Proportion",0.803,0.6702,0.9023,0.0523
3,"Khartoum",16,"Bahri","Education : Access to basic education - FEMALES","Proportion",0.9898,0.9433,1,0.0134
3,"Khartoum",16,"Bahri","Education : Access to education (preschool or basic) - FEMALES","Proportion",0.9315,0.8749,0.9644,0.0211
3,"Khartoum",17,"Um Durman","Education : Access to preschool education - ALL children","Proportion",0.814,0.7163,0.8795,0.0463
3,"Khartoum",17,"Um Durman","Education : Access to basic education - ALL children","Proportion",0.9668,0.9397,0.9882,0.0136
3,"Khartoum",17,"Um Durman","Education : Access to education (preschool or basic) - ALL children","Proportion",0.9161,0.8714,0.9509,0.0209
3,"Khartoum",17,"Um Durman","Education : Access to preschool education - MALES","Proportion",0.8178,0.6975,0.9054,0.0534
3,"Khartoum",17,"Um Durman","Education : Access to basic education - MALES","Proportion",0.9598,0.9145,0.99,0.0178
3,"Khartoum",17,"Um Durman","Education : Access to education (preschool or basic) - MALES","Proportion",0.9128,0.8495,0.9546,0.0252
3,"Khartoum",17,"Um Durman","Education : Access to preschool education - FEMALES","Proportion",0.8122,0.7044,0.8854,0.0478
3,"Khartoum",17,"Um Durman","Education : Access to basic education - FEMALES","Proportion",0.9752,0.9437,0.9943,0.0132
3,"Khartoum",17,"Um Durman","Education : Access to education (preschool or basic) - FEMALES","Proportion",0.9198,0.8755,0.9495,0.0176
3,"Khartoum",18,"Um Bada","Education : Access to preschool education - ALL children","Proportion",0.743,0.5649,0.8875,0.0881
3,"Khartoum",18,"Um Bada","Education : Access to basic education - ALL children","Proportion",0.9388,0.8098,0.9825,0.0327
3,"Khartoum",18,"Um Bada","Education : Access to education (preschool or basic) - ALL children","Proportion",0.882,0.7603,0.943,0.0446
3,"Khartoum",18,"Um Bada","Education : Access to preschool education - MALES","Proportion",0.7312,0.5136,0.915,0.1011
3,"Khartoum",18,"Um Bada","Education : Access to basic education - MALES","Proportion",0.9185,0.8108,0.9736,0.0412
3,"Khartoum",18,"Um Bada","Education : Access to education (preschool or basic) - MALES","Proportion",0.872,0.767,0.9413,0.045
3,"Khartoum",18,"Um Bada","Education : Access to preschool education - FEMALES","Proportion",0.7739,0.5267,0.8968,0.0916
3,"Khartoum",18,"Um Bada","Education : Access to basic education - FEMALES","Proportion",0.9679,0.8118,0.9957,0.0268
3,"Khartoum",18,"Um Bada","Education : Access to education (preschool or basic) - FEMALES","Proportion",0.8982,0.749,0.958,0.0518
3,"Khartoum",19,"Jebel Awlia","Education : Access to preschool education - ALL children","Proportion",0.8239,0.7052,0.9068,0.056
3,"Khartoum",19,"Jebel Awlia","Education : Access to basic education - ALL children","Proportion",0.9841,0.9632,0.9974,0.0093
3,"Khartoum",19,"Jebel Awlia","Education : Access to education (preschool or basic) - ALL children","Proportion",0.9347,0.8982,0.9665,0.0187
3,"Khartoum",19,"Jebel Awlia","Education : Access to preschool education - MALES","Proportion",0.8155,0.6746,0.9271,0.0704
3,"Khartoum",19,"Jebel Awlia","Education : Access to basic education - MALES","Proportion",0.9914,0.9679,1,0.0084
3,"Khartoum",19,"Jebel Awlia","Education : Access to education (preschool or basic) - MALES","Proportion",0.9465,0.8974,0.9794,0.0212
3,"Khartoum",19,"Jebel Awlia","Education : Access to preschool education - FEMALES","Proportion",0.8298,0.702,0.9341,0.0587
3,"Khartoum",19,"Jebel Awlia","Education : Access to basic education - FEMALES","Proportion",0.9751,0.9394,1,0.0145
3,"Khartoum",19,"Jebel Awlia","Education : Access to education (preschool or basic) - FEMALES","Proportion",0.9264,0.886,0.9612,0.0213
3,"Khartoum",20,"Sharg Elneel","Education : Access to preschool education - ALL children","Proportion",0.6447,0.5033,0.7848,0.0776
3,"Khartoum",20,"Sharg Elneel","Education : Access to basic education - ALL children","Proportion",0.9195,0.8512,0.9687,0.0313
3,"Khartoum",20,"Sharg Elneel","Education : Access to education (preschool or basic) - ALL children","Proportion",0.8416,0.7539,0.9058,0.0386
3,"Khartoum",20,"Sharg Elneel","Education : Access to preschool education - MALES","Proportion",0.6241,0.4616,0.7773,0.081
3,"Khartoum",20,"Sharg Elneel","Education : Access to basic education - MALES","Proportion",0.9081,0.8312,0.9714,0.0367
3,"Khartoum",20,"Sharg Elneel","Education : Access to education (preschool or basic) - MALES","Proportion",0.8299,0.7347,0.9005,0.0423
3,"Khartoum",20,"Sharg Elneel","Education : Access to preschool education - FEMALES","Proportion",0.6744,0.4962,0.8049,0.0919
3,"Khartoum",20,"Sharg Elneel","Education : Access to basic education - FEMALES","Proportion",0.9276,0.8633,0.9766,0.0294
3,"Khartoum",20,"Sharg Elneel","Education : Access to education (preschool or basic) - FEMALES","Proportion",0.8558,0.7764,0.9279,0.04
3,"Khartoum",21,"Karrari","Education : Access to preschool education - ALL children","Proportion",0.8017,0.6963,0.8838,0.0482
3,"Khartoum",21,"Karrari","Education : Access to basic education - ALL children","Proportion",0.9375,0.8922,0.9676,0.0208
3,"Khartoum",21,"Karrari","Education : Access to education (preschool or basic) - ALL children","Proportion",0.8974,0.8484,0.9407,0.026
3,"Khartoum",21,"Karrari","Education : Access to preschool education - MALES","Proportion",0.844,0.7109,0.9452,0.0617
3,"Khartoum",21,"Karrari","Education : Access to basic education - MALES","Proportion",0.938,0.8706,0.9829,0.0322
3,"Khartoum",21,"Karrari","Education : Access to education (preschool or basic) - MALES","Proportion",0.9099,0.8567,0.9549,0.0258
3,"Khartoum",21,"Karrari","Education : Access to preschool education - FEMALES","Proportion",0.7661,0.6214,0.8751,0.0646
3,"Khartoum",21,"Karrari","Education : Access to basic education - FEMALES","Proportion",0.9353,0.8793,0.9726,0.0232
3,"Khartoum",21,"Karrari","Education : Access to education (preschool or basic) - FEMALES","Proportion",0.8878,0.8196,0.9313,0.0237
2,"River Nile",9,"Shendi","Education : Access to preschool education - ALL children","Proportion",0.6444,0.459,0.7909,0.0834
2,"River Nile",9,"Shendi","Education : Access to basic education - ALL children","Proportion",0.7971,0.6641,0.8877,0.0513
2,"River Nile",9,"Shendi","Education : Access to education (preschool or basic) - ALL children","Proportion",0.7511,0.6054,0.8597,0.0737
2,"River Nile",9,"Shendi","Education : Access to preschool education - MALES","Proportion",0.6214,0.4025,0.7944,0.108
2,"River Nile",9,"Shendi","Education : Access to basic education - MALES","Proportion",0.7832,0.6441,0.8893,0.0699
2,"River Nile",9,"Shendi","Education : Access to education (preschool or basic) - MALES","Proportion",0.7329,0.6033,0.8504,0.0677
2,"River Nile",9,"Shendi","Education : Access to preschool education - FEMALES","Proportion",0.6517,0.4566,0.8132,0.0869
2,"River Nile",9,"Shendi","Education : Access to basic education - FEMALES","Proportion",0.8133,0.6788,0.8993,0.0528
2,"River Nile",9,"Shendi","Education : Access to education (preschool or basic) - FEMALES","Proportion",0.7673,0.6417,0.8557,0.0576
2,"River Nile",10,"Abu Hamad","Education : Access to preschool education - ALL children","Proportion",0.7769,0.6783,0.8797,0.0504
2,"River Nile",10,"Abu Hamad","Education : Access to basic education - ALL children","Proportion",0.9671,0.9252,0.9916,0.0182
2,"River Nile",10,"Abu Hamad","Education : Access to education (preschool or basic) - ALL children","Proportion",0.9028,0.8407,0.9401,0.0286
2,"River Nile",10,"Abu Hamad","Education : Access to preschool education - MALES","Proportion",0.75,0.6249,0.8751,0.0647
2,"River Nile",10,"Abu Hamad","Education : Access to basic education - MALES","Proportion",0.9559,0.9023,0.9919,0.0232
2,"River Nile",10,"Abu Hamad","Education : Access to education (preschool or basic) - MALES","Proportion",0.8879,0.8214,0.9434,0.031
2,"River Nile",10,"Abu Hamad","Education : Access to preschool education - FEMALES","Proportion",0.7984,0.6664,0.8921,0.0593
2,"River Nile",10,"Abu Hamad","Education : Access to basic education - FEMALES","Proportion",0.9798,0.9248,1,0.0205
2,"River Nile",10,"Abu Hamad","Education : Access to education (preschool or basic) - FEMALES","Proportion",0.9164,0.8343,0.956,0.0302
2,"River Nile",11,"Barbar","Education : Access to preschool education - ALL children","Proportion",0.8061,0.6352,0.9124,0.0713
2,"River Nile",11,"Barbar","Education : Access to basic education - ALL children","Proportion",0.8876,0.7055,0.966,0.0558
2,"River Nile",11,"Barbar","Education : Access to education (preschool or basic) - ALL children","Proportion",0.851,0.7226,0.9396,0.0553
2,"River Nile",11,"Barbar","Education : Access to preschool education - MALES","Proportion",0.8929,0.6768,1,0.0729
2,"River Nile",11,"Barbar","Education : Access to basic education - MALES","Proportion",0.8605,0.689,0.9551,0.0681
2,"River Nile",11,"Barbar","Education : Access to education (preschool or basic) - MALES","Proportion",0.8724,0.7499,0.9385,0.0455
2,"River Nile",11,"Barbar","Education : Access to preschool education - FEMALES","Proportion",0.75,0.5221,0.9143,0.1053
2,"River Nile",11,"Barbar","Education : Access to basic education - FEMALES","Proportion",0.9167,0.7384,0.9876,0.0625
2,"River Nile",11,"Barbar","Education : Access to education (preschool or basic) - FEMALES","Proportion",0.8462,0.6369,0.9525,0.0823
2,"River Nile",12,"El Damar","Education : Access to preschool education - ALL children","Proportion",0.7325,0.6425,0.8166,0.0422
2,"River Nile",12,"El Damar","Education : Access to basic education - ALL children","Proportion",0.9223,0.872,0.9618,0.0251
2,"River Nile",12,"El Damar","Education : Access to education (preschool or basic) - ALL children","Proportion",0.8715,0.8143,0.9207,0.0267
2,"River Nile",12,"El Damar","Education : Access to preschool education - MALES","Proportion",0.732,0.6181,0.832,0.0537
2,"River Nile",12,"El Damar","Education : Access to basic education - MALES","Proportion",0.9055,0.8347,0.9507,0.0281
2,"River Nile",12,"El Damar","Education : Access to education (preschool or basic) - MALES","Proportion",0.8544,0.7874,0.9084,0.0305
2,"River Nile",12,"El Damar","Education : Access to preschool education - FEMALES","Proportion",0.7342,0.6198,0.8288,0.0547
2,"River Nile",12,"El Damar","Education : Access to basic education - FEMALES","Proportion",0.9416,0.8851,0.9742,0.0198
2,"River Nile",12,"El Damar","Education : Access to education (preschool or basic) - FEMALES","Proportion",0.8889,0.8284,0.9325,0.0291
2,"River Nile",13,"Atbara","Education : Access to preschool education - ALL children","Proportion",0.8504,0.7621,0.9159,0.0387
2,"River Nile",13,"Atbara","Education : Access to basic education - ALL children","Proportion",0.9643,0.9256,0.9902,0.0169
2,"River Nile",13,"Atbara","Education : Access to education (preschool or basic) - ALL children","Proportion",0.929,0.8849,0.9606,0.0218
2,"River Nile",13,"Atbara","Education : Access to preschool education - MALES","Proportion",0.7987,0.6637,0.9052,0.0597
2,"River Nile",13,"Atbara","Education : Access to basic education - MALES","Proportion",0.9633,0.9216,0.9896,0.0183
2,"River Nile",13,"Atbara","Education : Access to education (preschool or basic) - MALES","Proportion",0.919,0.865,0.9544,0.0213
2,"River Nile",13,"Atbara","Education : Access to preschool education - FEMALES","Proportion",0.8939,0.7691,0.9588,0.0432
2,"River Nile",13,"Atbara","Education : Access to basic education - FEMALES","Proportion",0.9658,0.9188,0.9924,0.018
2,"River Nile",13,"Atbara","Education : Access to education (preschool or basic) - FEMALES","Proportion",0.9375,0.8825,0.9746,0.0245
2,"River Nile",14,"El Buhaira","Education : Access to preschool education - ALL children","Proportion",0.7221,0.5773,0.8453,0.0769
2,"River Nile",14,"El Buhaira","Education : Access to basic education - ALL children","Proportion",0.9426,0.9023,0.9709,0.0179
2,"River Nile",14,"El Buhaira","Education : Access to education (preschool or basic) - ALL children","Proportion",0.8792,0.8198,0.9278,0.0304
2,"River Nile",14,"El Buhaira","Education : Access to preschool education - MALES","Proportion",0.7512,0.638,0.8396,0.0538
2,"River Nile",14,"El Buhaira","Education : Access to basic education - MALES","Proportion",0.9375,0.8988,0.963,0.0181
2,"River Nile",14,"El Buhaira","Education : Access to education (preschool or basic) - MALES","Proportion",0.8845,0.8378,0.9224,0.0225
2,"River Nile",14,"El Buhaira","Education : Access to preschool education - FEMALES","Proportion",0.6738,0.4836,0.8848,0.1181
2,"River Nile",14,"El Buhaira","Education : Access to basic education - FEMALES","Proportion",0.9555,0.8994,0.9915,0.023
2,"River Nile",14,"El Buhaira","Education : Access to education (preschool or basic) - FEMALES","Proportion",0.8677,0.7729,0.9462,0.0441
8,"Sinar",64,"Sharg Sennar","Education : Access to preschool education - ALL children","Proportion",0.5275,0.3844,0.677,0.0748
8,"Sinar",64,"Sharg Sennar","Education : Access to basic education - ALL children","Proportion",0.7755,0.6096,0.9163,0.0811
8,"Sinar",64,"Sharg Sennar","Education : Access to education (preschool or basic) - ALL children","Proportion",0.6779,0.5265,0.8063,0.0747
8,"Sinar",64,"Sharg Sennar","Education : Access to preschool education - MALES","Proportion",0.4459,0.2747,0.62,0.0933
8,"Sinar",64,"Sharg Sennar","Education : Access to basic education - MALES","Proportion",0.7977,0.6595,0.9371,0.0792
8,"Sinar",64,"Sharg Sennar","Education : Access to education (preschool or basic) - MALES","Proportion",0.6908,0.5255,0.8131,0.0705
8,"Sinar",64,"Sharg Sennar","Education : Access to preschool education - FEMALES","Proportion",0.6131,0.4169,0.8051,0.0965
8,"Sinar",64,"Sharg Sennar","Education : Access to basic education - FEMALES","Proportion",0.7384,0.5546,0.9023,0.0903
8,"Sinar",64,"Sharg Sennar","Education : Access to education (preschool or basic) - FEMALES","Proportion",0.6919,0.5089,0.833,0.091
8,"Sinar",65,"Sinja","Education : Access to preschool education - ALL children","Proportion",0.8237,0.699,0.9064,0.0459
8,"Sinar",65,"Sinja","Education : Access to basic education - ALL children","Proportion",0.8907,0.8427,0.9289,0.0234
8,"Sinar",65,"Sinja","Education : Access to education (preschool or basic) - ALL children","Proportion",0.8724,0.7991,0.9131,0.0307
8,"Sinar",65,"Sinja","Education : Access to preschool education - MALES","Proportion",0.8085,0.6777,0.9118,0.0593
8,"Sinar",65,"Sinja","Education : Access to basic education - MALES","Proportion",0.8801,0.8174,0.9278,0.0297
8,"Sinar",65,"Sinja","Education : Access to education (preschool or basic) - MALES","Proportion",0.8609,0.8038,0.9106,0.03
8,"Sinar",65,"Sinja","Education : Access to preschool education - FEMALES","Proportion",0.8388,0.703,0.9287,0.0567
8,"Sinar",65,"Sinja","Education : Access to basic education - FEMALES","Proportion",0.8944,0.8361,0.9399,0.0285
8,"Sinar",65,"Sinja","Education : Access to education (preschool or basic) - FEMALES","Proportion",0.8755,0.8106,0.9248,0.0294
8,"Sinar",66,"Abu Hujar","Education : Access to preschool education - ALL children","Proportion",0.3476,0.2012,0.4969,0.0773
8,"Sinar",66,"Abu Hujar","Education : Access to basic education - ALL children","Proportion",0.6548,0.5063,0.7725,0.068
8,"Sinar",66,"Abu Hujar","Education : Access to education (preschool or basic) - ALL children","Proportion",0.5678,0.4411,0.6794,0.06
8,"Sinar",66,"Abu Hujar","Education : Access to preschool education - MALES","Proportion",0.3866,0.2252,0.5351,0.0808
8,"Sinar",66,"Abu Hujar","Education : Access to basic education - MALES","Proportion",0.6675,0.4816,0.7993,0.0742
8,"Sinar",66,"Abu Hujar","Education : Access to education (preschool or basic) - MALES","Proportion",0.5913,0.4453,0.6964,0.0657
8,"Sinar",66,"Abu Hujar","Education : Access to preschool education - FEMALES","Proportion",0.3109,0.1583,0.4836,0.0841
8,"Sinar",66,"Abu Hujar","Education : Access to basic education - FEMALES","Proportion",0.6364,0.4474,0.7727,0.0693
8,"Sinar",66,"Abu Hujar","Education : Access to education (preschool or basic) - FEMALES","Proportion",0.5342,0.4163,0.654,0.0674
8,"Sinar",67,"El Dali","Education : Access to preschool education - ALL children","Proportion",0.4518,0.3151,0.5976,0.0784
8,"Sinar",67,"El Dali","Education : Access to basic education - ALL children","Proportion",0.7293,0.6075,0.843,0.0575
8,"Sinar",67,"El Dali","Education : Access to education (preschool or basic) - ALL children","Proportion",0.6444,0.5322,0.7657,0.0599
8,"Sinar",67,"El Dali","Education : Access to preschool education - MALES","Proportion",0.4403,0.2707,0.599,0.091
8,"Sinar",67,"El Dali","Education : Access to basic education - MALES","Proportion",0.7233,0.5994,0.8353,0.0578
8,"Sinar",67,"El Dali","Education : Access to education (preschool or basic) - MALES","Proportion",0.6474,0.5115,0.7553,0.0615
8,"Sinar",67,"El Dali","Education : Access to preschool education - FEMALES","Proportion",0.4757,0.3225,0.6284,0.0768
8,"Sinar",67,"El Dali","Education : Access to basic education - FEMALES","Proportion",0.7465,0.6038,0.8671,0.0688
8,"Sinar",67,"El Dali","Education : Access to education (preschool or basic) - FEMALES","Proportion",0.6538,0.5211,0.7674,0.0646
8,"Sinar",68,"Es Suki","Education : Access to preschool education - ALL children","Proportion",0.6788,0.538,0.8029,0.0627
8,"Sinar",68,"Es Suki","Education : Access to basic education - ALL children","Proportion",0.7802,0.689,0.8617,0.0456
8,"Sinar",68,"Es Suki","Education : Access to education (preschool or basic) - ALL children","Proportion",0.7514,0.6695,0.8331,0.0431
8,"Sinar",68,"Es Suki","Education : Access to preschool education - MALES","Proportion",0.6871,0.5408,0.8118,0.0715
8,"Sinar",68,"Es Suki","Education : Access to basic education - MALES","Proportion",0.7902,0.6779,0.8715,0.048
8,"Sinar",68,"Es Suki","Education : Access to education (preschool or basic) - MALES","Proportion",0.7586,0.6793,0.8439,0.04
8,"Sinar",68,"Es Suki","Education : Access to preschool education - FEMALES","Proportion",0.6781,0.5036,0.8192,0.0795
8,"Sinar",68,"Es Suki","Education : Access to basic education - FEMALES","Proportion",0.7793,0.6733,0.8706,0.0563
8,"Sinar",68,"Es Suki","Education : Access to education (preschool or basic) - FEMALES","Proportion",0.7485,0.6457,0.8448,0.0485
8,"Sinar",69,"Ed Dinder","Education : Access to preschool education - ALL children","Proportion",0.5127,0.3786,0.6247,0.063
8,"Sinar",69,"Ed Dinder","Education : Access to basic education - ALL children","Proportion",0.7883,0.6489,0.8741,0.0679
8,"Sinar",69,"Ed Dinder","Education : Access to education (preschool or basic) - ALL children","Proportion",0.701,0.5622,0.7901,0.0607
8,"Sinar",69,"Ed Dinder","Education : Access to preschool education - MALES","Proportion",0.5588,0.3983,0.6739,0.0715
8,"Sinar",69,"Ed Dinder","Education : Access to basic education - MALES","Proportion",0.7978,0.608,0.9076,0.0714
8,"Sinar",69,"Ed Dinder","Education : Access to education (preschool or basic) - MALES","Proportion",0.7167,0.5852,0.8172,0.0613
8,"Sinar",69,"Ed Dinder","Education : Access to preschool education - FEMALES","Proportion",0.4798,0.3332,0.6059,0.0738
8,"Sinar",69,"Ed Dinder","Education : Access to basic education - FEMALES","Proportion",0.7742,0.6036,0.8904,0.0706
8,"Sinar",69,"Ed Dinder","Education : Access to education (preschool or basic) - FEMALES","Proportion",0.6788,0.5352,0.788,0.0623
